name,latitude,longitude,location_id,num_reviews,ranking_position,ranking_denominator,ranking_category,rating,address,cuisine,establishment_types,price,Bar,Italian,Japanese,American,Steakhouse,Cafe,Indian,Asian,Healthy,German,Central European,Mediterranean,European,Vegan Options,Gluten Free Options,Seafood,min price,max price,rating_category
OX Royal,50.892185,7.002268,19856354,197,1,2171,A,5.0,"Uferstrasse 16, 50996 Cologne, North Rhine-Westphalia Germany",Steakhouse,Restaurants,$39 - $139,N/A,N/A,N/A,N/A,Available,N/A,N/A,N/A,N/A,N/A,N/A,N/A,N/A,N/A,N/A,Available,$39 , $139,A
Japans Ramen Restaurant Takumi Cologne,50.93296,6.940123,19103562,167,2,2171,A,4.5,"Hohenstaufenring 58, 50674 Cologne, North Rhine-Westphalia Germany",Japanese,Restaurants,$5,N/A,N/A,Available,N/A,N/A,N/A,N/A,Available,N/A,N/A,N/A,N/A,N/A,Available,N/A,N/A,$5,0,B
Kaizen,50.93269,6.934363,10479677,279,3,2171,A,4.5,"Lindenstr. 67, 50674 Cologne, North Rhine-Westphalia Germany",Japanese,Restaurants,$10 - $30,N/A,N/A,Available,N/A,N/A,N/A,N/A,Available,Available,N/A,N/A,N/A,N/A,Available,Available,N/A,$10 , $30,B
Bulgogi-Haus,50.98469,6.9472,2182710,588,4,2171,A,4.5,"Neusser-Str . 654 50737 Cologne, 50737 Cologne, North Rhine-Westphalia Germany",Barbecue,Restaurants,$19 - $27,N/A,N/A,N/A,N/A,N/A,N/A,N/A,Available,Available,N/A,N/A,N/A,N/A,Available,Available,N/A,$19 , $27,B
Caruso Pastabar,50.92842,6.943431,718264,637,5,2171,A,4.5,"Kasparstrasse 19, 50670 Cologne, North Rhine-Westphalia Germany",Italian,Restaurants,$35 - $50,N/A,Available,N/A,N/A,N/A,N/A,N/A,N/A,N/A,N/A,N/A,Available,N/A,Available,Available,N/A,$35 , $50,B
Kamasutra Indian Restaurant,50.929756,6.942294,1233143,423,6,2171,A,4.5,"Weyerstr. 114 50676 U-Bahn Station: Barbarossaplatz - U-Bahn Lines 12, 15, 16, 18, 50676 Cologne, North Rhine-Westphalia Germany",Indian,Restaurants,$13 - $25,N/A,N/A,N/A,N/A,N/A,N/A,Available,N/A,N/A,N/A,N/A,N/A,N/A,Available,Available,N/A,$13 , $25,B
Zippiri Gourmetwerkstatt & Weinbar,50.93651,6.918336,4721200,321,7,2171,A,4.5,"Aachener Str. 259, 50931 Cologne, North Rhine-Westphalia Germany",Italian,Restaurants,$35 - $120,N/A,Available,N/A,N/A,N/A,N/A,N/A,N/A,N/A,N/A,N/A,Available,Available,Available,Available,N/A,$35 , $120,B
Restaurant Brucken,50.945946,6.96141,4572521,382,8,2171,A,4.5,"Johannisstr. 79, 50668 Cologne, North Rhine-Westphalia Germany",German,Restaurants,$9 - $39,N/A,N/A,N/A,N/A,N/A,N/A,N/A,N/A,N/A,Available,Available,N/A,Available,Available,Available,N/A,$9 , $39,B
Lord of the Grillz - Mittelalterliches Grill & Steakhaus,50.914005,6.946758,12934322,336,9,2171,A,4.5,"Vorgebirgstr. 102, 50969 Cologne, North Rhine-Westphalia Germany",Steakhouse,Restaurants,$9 - $150,N/A,N/A,N/A,N/A,Available,N/A,N/A,N/A,N/A,N/A,N/A,N/A,Available,Available,Available,N/A,$9 , $150,B
Shaka Zulu,50.939964,6.938491,2722617,728,10,2171,A,4.5,"Limburger Str. 29, 50672 Cologne, North Rhine-Westphalia Germany",African,Restaurants,$12 - $23,N/A,N/A,N/A,N/A,N/A,N/A,N/A,N/A,N/A,N/A,N/A,N/A,N/A,Available,Available,N/A,$12 , $23,B
Bangkok Thai Restaurant,50.93241,6.933487,7682744,395,11,2171,B,4.5,"Lindenstr. 81, 50674 Cologne, North Rhine-Westphalia Germany",Asian,Restaurants,,N/A,N/A,N/A,N/A,N/A,N/A,N/A,Available,N/A,N/A,N/A,N/A,N/A,Available,Available,N/A,0,0,B
Menz Burger,50.950348,6.952885,11699703,447,12,2171,B,4.5,"Krefelder Str. 12, 50670 Cologne, North Rhine-Westphalia Germany",American,Restaurants,$11 - $20,N/A,N/A,N/A,Available,N/A,N/A,N/A,N/A,N/A,N/A,N/A,N/A,N/A,Available,Available,N/A,$11 , $20,B
Bei Oma Kleinmann,50.929527,6.938225,695516,1443,13,2171,B,4.5,"Zuelpicher Str. 9, 50674 Cologne, North Rhine-Westphalia Germany",Diner,Restaurants,$9 - $25,Available,N/A,N/A,N/A,N/A,N/A,N/A,N/A,N/A,Available,Available,N/A,Available,N/A,N/A,N/A,$9 , $25,B
Stadtwaldgarten,50.937576,6.881876,2301986,198,14,2171,B,4.5,"Aachener Strasse 701, 50933 Cologne, North Rhine-Westphalia Germany",Steakhouse,Restaurants,$4 - $25,N/A,N/A,N/A,N/A,Available,N/A,N/A,N/A,N/A,N/A,N/A,Available,N/A,N/A,N/A,Available,$4 , $25,B
Hommage,50.940563,6.941793,8764363,518,15,2171,B,4.5,"Friesenstr. 73, 50670 Cologne, North Rhine-Westphalia Germany",French,Coffee & Tea,$1 - $7,N/A,N/A,N/A,N/A,N/A,Available,N/A,N/A,Available,N/A,N/A,N/A,Available,Available,Available,N/A,$1 , $7,B
Gruber's,50.953262,6.965511,1495576,280,16,2171,B,4.5,"Clever Strasse 32, 50668 Cologne, North Rhine-Westphalia Germany",Austrian,Restaurants,,N/A,N/A,N/A,N/A,N/A,N/A,N/A,N/A,N/A,N/A,Available,N/A,Available,Available,Available,N/A,0,0,B
Toscanini,50.925774,6.957212,1041828,311,17,2171,B,4.5,"Jakobstrasse 22, 50678 Cologne, North Rhine-Westphalia Germany",Italian,Restaurants,$9 - $24,N/A,Available,N/A,N/A,N/A,N/A,N/A,N/A,N/A,N/A,N/A,Available,Available,Available,Available,N/A,$9 , $24,B
Hanse-Stube,50.941677,6.956398,715360,364,18,2171,B,4.5,"Trankgasse 1, 50667 Cologne, North Rhine-Westphalia Germany",French,Restaurants,,N/A,N/A,N/A,N/A,N/A,N/A,N/A,N/A,N/A,Available,Available,N/A,Available,Available,Available,N/A,0,0,B
Ristorante Al Solito Posto,50.931732,7.000624,5818181,223,19,2171,B,4.5,"Wattstr. 9, 51105 Cologne, North Rhine-Westphalia Germany",Italian,Restaurants,$5 - $26,N/A,Available,N/A,N/A,N/A,N/A,N/A,N/A,N/A,N/A,N/A,Available,Available,Available,N/A,N/A,$5 , $26,B
Il Valentino,50.93716,6.953853,3928076,367,20,2171,B,4.5,"Herzogstr. 14, 50667 Cologne, North Rhine-Westphalia Germany",Italian,Restaurants,,N/A,Available,N/A,N/A,N/A,N/A,N/A,N/A,N/A,N/A,N/A,Available,Available,Available,N/A,N/A,0,0,B
Cafe Noa,50.938343,6.938655,3265415,239,21,2171,C,4.5,"Maastrichter Str. 3, 50672 Cologne, North Rhine-Westphalia Germany",Mediterranean,Restaurants,,N/A,N/A,N/A,N/A,N/A,N/A,N/A,N/A,N/A,N/A,Available,Available,Available,Available,Available,N/A,0,0,B
Le Moissonnier,50.950794,6.952467,715462,396,22,2171,C,4.5,"Krefelder Str. 25, 50670 Cologne, North Rhine-Westphalia Germany",French,Restaurants,,N/A,N/A,N/A,N/A,N/A,N/A,N/A,N/A,N/A,N/A,N/A,N/A,Available,N/A,N/A,N/A,0,0,B
Habibi,50.929523,6.937776,715352,319,23,2171,C,4.5,"Zuelpicher Str. 28, 50674 Cologne, North Rhine-Westphalia Germany",Lebanese,Restaurants,$3 - $15,N/A,N/A,N/A,N/A,N/A,N/A,N/A,N/A,N/A,N/A,N/A,Available,N/A,Available,Available,N/A,$3 , $15,B
Max Stark,50.949306,6.961872,1866174,671,24,2171,C,4.5,"Unter Kahlenhausen 47, 50668 Cologne, North Rhine-Westphalia Germany",German,Restaurants,,Available,N/A,N/A,N/A,N/A,N/A,N/A,N/A,N/A,Available,Available,N/A,Available,N/A,N/A,N/A,0,0,B
Lommerzheim,50.938766,6.973614,966510,1081,25,2171,C,4.5,"Siegesstr. 18, 50679 Cologne, North Rhine-Westphalia Germany",German,Restaurants,$1,Available,N/A,N/A,N/A,N/A,N/A,N/A,N/A,N/A,Available,N/A,N/A,Available,N/A,N/A,N/A,$1,0,B
Tapeo & Co.,50.933975,6.936228,965558,362,26,2171,C,4.5,"Lindenstrasse 38, 50674 Cologne, North Rhine-Westphalia Germany",Mediterranean,Restaurants,$3 - $18,N/A,N/A,N/A,N/A,N/A,N/A,N/A,N/A,N/A,N/A,N/A,Available,Available,Available,N/A,N/A,$3 , $18,B
Marcellino,50.951393,6.952247,4096493,178,27,2171,C,4.5,"Krefelder Str. 39, 50670 Cologne, North Rhine-Westphalia Germany",Italian,Restaurants,$29 - $55,N/A,Available,N/A,N/A,N/A,N/A,N/A,N/A,N/A,N/A,N/A,Available,Available,Available,Available,N/A,$29 , $55,B
Gilden Brauhaus,50.971043,7.006332,1940047,365,28,2171,C,4.5,"Clevischer Ring 121, 51063 Cologne, North Rhine-Westphalia Germany",German,Restaurants,,Available,N/A,N/A,N/A,N/A,N/A,N/A,N/A,N/A,Available,Available,N/A,Available,Available,N/A,N/A,0,0,B
HASE,50.938824,6.945293,825538,309,29,2171,C,4.5,"St.-Apern-Str. 17-21, 50667 Cologne, North Rhine-Westphalia Germany",German,Restaurants,$19 - $50,N/A,N/A,N/A,N/A,N/A,N/A,N/A,N/A,N/A,Available,Available,N/A,Available,Available,Available,N/A,$19 , $50,B
Zen Japanese Restaurant - Lindenthal,50.924984,6.907069,7682077,236,30,2171,C,4.5,"Bachemer Str. 236, 50935 Cologne, North Rhine-Westphalia Germany",Japanese,Restaurants,$9 - $40,N/A,N/A,Available,N/A,N/A,N/A,N/A,Available,N/A,N/A,N/A,N/A,N/A,Available,Available,N/A,$9 , $40,B
Limani,50.922363,6.968054,1872978,409,31,2171,D,4.5,"Agrippinawerft 6, 50678 Cologne, North Rhine-Westphalia Germany",Seafood,Restaurants,,N/A,N/A,N/A,N/A,N/A,N/A,N/A,N/A,N/A,N/A,Available,Available,Available,Available,Available,Available,0,0,B
ST. LOUIS Breakfast,50.92891,6.936154,19815955,99,32,2171,D,4.5,"Meister-Gerhard-Str. 30, 50674 Cologne, North Rhine-Westphalia Germany",International,Restaurants,$2 - $15,N/A,N/A,N/A,N/A,N/A,N/A,N/A,N/A,N/A,N/A,N/A,N/A,N/A,N/A,N/A,N/A,$2 , $15,B
Ginti Indisches Restaurant Cologne,50.934902,6.936425,3747837,1079,33,2171,D,4.5,"Haendelstr. 33 nähe Steigenberger hotel / Rudolfplatz, 50674 Cologne, North Rhine-Westphalia Germany",Indian,Restaurants,$9 - $16,N/A,N/A,N/A,N/A,N/A,N/A,Available,Available,Available,N/A,N/A,N/A,N/A,Available,Available,N/A,$9 , $16,B
1980 Cafe & Banh Mi,50.93364,6.94581,10400216,107,34,2171,D,4.5,"Bobstrasse 28, 50676 Cologne, North Rhine-Westphalia Germany",Asian,Restaurants,,N/A,N/A,N/A,N/A,N/A,N/A,N/A,Available,N/A,N/A,N/A,N/A,N/A,Available,N/A,N/A,0,0,B
Beirut Restaurant,50.936916,6.962445,1443514,815,35,2171,D,4.5,"Buttermarkt 3, 50667 Cologne, North Rhine-Westphalia Germany",Healthy,Restaurants,,N/A,N/A,N/A,N/A,N/A,N/A,N/A,N/A,Available,N/A,N/A,N/A,N/A,Available,Available,N/A,0,0,B
Haus Scholzen,50.947178,6.923271,983351,195,36,2171,D,4.5,"Venloer Str. 236, 50823 Cologne, North Rhine-Westphalia Germany",German,Restaurants,,N/A,N/A,N/A,N/A,N/A,N/A,N/A,N/A,N/A,Available,Available,N/A,Available,N/A,N/A,N/A,0,0,B
Brauhaus Sunner im Walfisch,50.93764,6.961981,965649,435,37,2171,D,4.0,"Salzgasse 13, 50667 Cologne, North Rhine-Westphalia Germany",German,Restaurants,$4 - $25,Available,N/A,N/A,N/A,N/A,N/A,N/A,N/A,N/A,Available,Available,N/A,Available,N/A,N/A,N/A,$4 , $25,C
Kuchi Mami,50.94156,6.954003,12620582,409,38,2171,D,4.5,"Komoedienstrasse 43, 50667 Cologne, North Rhine-Westphalia Germany",Sushi,Restaurants,$3 - $18,N/A,N/A,Available,N/A,N/A,N/A,N/A,Available,Available,N/A,N/A,N/A,N/A,Available,Available,N/A,$3 , $18,B
THE COFFEE GANG,50.930367,6.94098,5818052,102,39,2171,D,5.0,"Hohenstaufenring 19, 50674 Cologne, North Rhine-Westphalia Germany",Cafe,Coffee & Tea,,N/A,N/A,N/A,N/A,N/A,Available,N/A,N/A,N/A,N/A,N/A,N/A,N/A,N/A,N/A,N/A,0,0,A
Kebapland,50.950886,6.915717,10100789,157,40,2171,D,4.5,"Venloer Str. 385, 50825 Cologne, North Rhine-Westphalia Germany",Fast Food,Restaurants,,N/A,N/A,N/A,N/A,N/A,N/A,N/A,N/A,N/A,N/A,N/A,Available,N/A,N/A,N/A,N/A,0,0,B
Amabile,50.931232,6.935031,1041860,277,41,2171,E,4.5,"Gorres Str. 2 50674 Cologne, 50674 Cologne, North Rhine-Westphalia Germany",European,Restaurants,$9 - $28,N/A,N/A,N/A,N/A,N/A,N/A,N/A,N/A,N/A,N/A,Available,N/A,Available,Available,Available,N/A,$9 , $28,B
The Great Berry,50.93991,6.938547,10481900,96,42,2171,E,4.5,"Limburger Str. 18, 50672 Cologne, North Rhine-Westphalia Germany",Cafe,Coffee & Tea,$2 - $10,N/A,N/A,N/A,N/A,N/A,Available,N/A,N/A,Available,N/A,N/A,N/A,N/A,Available,Available,N/A,$2 , $10,B
Steakhouse Ponchos,50.937717,6.961809,779881,515,43,2171,E,4.0,"Salzgasse 11 Koeln, 50667 Cologne, North Rhine-Westphalia Germany",Steakhouse,Restaurants,$16 - $38,N/A,N/A,N/A,N/A,Available,N/A,N/A,N/A,N/A,N/A,N/A,N/A,N/A,N/A,N/A,N/A,$16 , $38,C
maiBeck,50.940372,6.96196,5294203,384,44,2171,E,4.5,"Am Frankenturm 5, 50667 Cologne, North Rhine-Westphalia Germany",German,Restaurants,,N/A,N/A,N/A,N/A,N/A,N/A,N/A,N/A,N/A,Available,Available,N/A,Available,Available,Available,N/A,0,0,B
Die Fette Kuh,50.91815,6.96055,3186729,769,45,2171,E,4.5,"Bonner Str. 43, 50677 Cologne, North Rhine-Westphalia Germany",American,Quick Bites,$5 - $15,N/A,N/A,N/A,Available,N/A,N/A,N/A,N/A,N/A,N/A,N/A,N/A,N/A,Available,N/A,N/A,$5 , $15,B
Funkhaus  Cafe Bar Restaurant,50.940372,6.956015,6531518,874,46,2171,E,4.0,"Wallrafplatz 5 50667 Köln, 50667 Cologne, North Rhine-Westphalia Germany",German,Restaurants,$5 - $15,Available,N/A,N/A,N/A,N/A,Available,N/A,N/A,N/A,Available,Available,N/A,Available,Available,Available,N/A,$5 , $15,C
Pizzeria Da Franco,50.960815,6.949766,1045714,117,47,2171,E,4.5,"Siebachstr. 61, 50733 Cologne, North Rhine-Westphalia Germany",Italian,Restaurants,$11 - $40,N/A,Available,N/A,N/A,N/A,N/A,N/A,N/A,N/A,N/A,N/A,Available,Available,Available,N/A,N/A,$11 , $40,B
The Bird,50.93642,6.936633,7315954,444,48,2171,E,4.0,"Aachener Str. 9, 50674 Cologne, North Rhine-Westphalia Germany",American,Restaurants,$8 - $30,N/A,N/A,N/A,Available,N/A,N/A,N/A,N/A,N/A,N/A,N/A,N/A,N/A,N/A,N/A,N/A,$8 , $30,C
Plomari,50.92022,6.915425,1977951,540,49,2171,E,4.5,"Suelzguertel 96 Ecke Zülpicher Straße, 50937 Cologne, North Rhine-Westphalia Germany",Seafood,Restaurants,,N/A,N/A,N/A,N/A,N/A,N/A,N/A,N/A,N/A,N/A,N/A,Available,Available,Available,Available,Available,0,0,B
Brauhaus Puetz,50.935093,6.937908,782141,438,50,2171,E,4.0,"Engelbertstr. 67, 50674 Cologne, North Rhine-Westphalia Germany",German,Restaurants,$5 - $22,Available,N/A,N/A,N/A,N/A,N/A,N/A,N/A,N/A,Available,Available,N/A,Available,N/A,N/A,N/A,$5 , $22,C
